ngram,polarity
:(,-1
:),1
โค,1
๐,1
โโฟโ,1
1000,1
100 100,1
100/100,1
10/10,1
10/1,-1
10/2,-1
10 ูู 10,1
1/10,-1
1-ุนูููู,1
1 ูู 10 ,-1
1 ูู 5,-1
2/10,-1
2 ูู 10 ,-1
2 ูู 5,-1
3/10,-1
3 ูู 10,-1
3 ูู 5,-1
3 ูุฌูู,-1
4/10,-1
4 ูู 10,-1
4 ูุฌูู,1
5/10,-1
5 ูุฌูู,1
700ุฑูุงู,-1
7/10,1
8/10,1
8.5/10,1
8 ูู 10,1
8ูู10,1
9/10,1
9.5 ูู 10,1
9 ูู 10,1
amazing,1
amazing product,1
bad,-1
bad packaging,-1
beautiful,1
best,1
cool,1
excaent,1
excellent,1
fantastic,1
good,1
i like,1
like,1
love,1
nice,1
not bad,1
perfect,1
recommended,1
recommend it,1
satisfied,1
sweet,1
thank,1
thanks,1
very bad,-1
very sweet,1
vgood,1
woow,1
xcelent,1
xcellent,1
yes,1
yummy,1
ุงุงุดูุฑุงุง,1
ุงุจุชุนุฏ,-1
ุงุจุฏุงุงุน,1
ุงุจุฏุงุน,1
ุงุจุฏุงุน ุจูุง,1
ุงุจุฏุน,1
ุงุจุดุฑูู,1
ุงุจูุฑุชูู,1
ุงุชุฎููุช,-1
ุงุชูุงู,1
ุงุชูุทุน,-1
ุฃุซุฑุช,1
ุงุฌุงุฒุฉ,1
ุงุฌุชูุงุนูุฉ ูุชุฑุจููุฉ,1
ุฃุฌูู,1
ุงุฌูู,1
ุงุฌูู ูุงูุฑุงุกุช,1
ุงุญุจ,1
ุฃุญุจุจุช,1
ุงุญุจุจุช,1
ุงุญุจุจุชู,1
ุงุญุจุจุชูุง,1
ุงุญุจุชุชูุง,1
ุฃุญุจู,1
ุงุญุจู,1
ุงุญุจูู,1
ุงุญุชูุงู,-1
ุฃุญุณู,1
ุงุญุณู,1
ุงุญุณู ูุทุนู,1
ุงุญูุง,1
ุฃุญูู,1
ุงุญูู,1
ุงุญูู,1
ุงุญู ุดู,1
ุงุญู ุงููุงุชุจุฉ,1
ุงุฎุฑ ูุฑู,-1
ุงุฎุณ,-1
ุฅุฏูุงู,1
ุงุฏูุงู,1
ุงุฏููุงุงู,1
ุงุฏููุช,1
ุงุฏููุชู,1
ุงุฑุฌุงุนูุง,-1
ุงุฑุฌุน,-1
ุงุฑุฌู,-1
ุงุฑุญูููุง,-1
ุงุฑููุชูู,-1
ุฃุฑูุน,1
ุงุฑูุน,1
ุงุฑูุน ูุง,1
ุงุฒุนุงุฌ,-1
ุฃุฒูู,1
ุงุณุชุฎุฏุงูู ููุชุฑู ุทูููู,1
ุงุณุชุทุงุน,1
ุงุณุชุธุฑุงู,-1
ุงุณุชุบุฑุจ,-1
ุงุณุชูุฏุช,1
ุงุณุชูุฑุบ,-1
ุงุณุชูุฒุงุฒูุฉ,-1
ุงุณุชูุฒุชูู,-1
ุงุณุชูุฒูู,-1
ุงุณุชูุชุนุช,1
ุงุณุชูุชุนุชุด,-1
ุงุณุชูุชุนูุง,1
ุงุณุชูุจุงู,-1
ุงุณุฎู,-1
ุงุณุฑุน,1
ุฃุณุทููุฑุฉ,1
ุงุณุนุงุฑ ุฌูุฏู,1
ุฃุณู,-1
ุงุณู,-1
ุฃุณูุก,-1
ุงุณูุก,-1
ุงุณูุก ูุชุงุจ,-1
ุงุณูุก ูุง,-1
ุฃุณูุฃ,-1
ุฃุณูุง,-1
ุงุณูุฃ,-1
ุงุณูุง,-1
ุฃุณูุงุก,-1
ุงุณูุงุก,-1
ุงุดุชููุช,-1
ุงุดุชููุช,1
ุงุดูุฑ,1
ุงุดูุฆุฒุงุฒู,-1
ุงุดูุฆุฒุงุฒู ูุซุฑ,-1
ุงุดูู,1
ุงุดูู ููุง,1
ุฃุตุงุจูู ุจุงูุนุทุด,-1
ุงุตุบุฑ ูู,-1
ุงุตูู,1
ุงุถุงู,1
ุงุถุงูุฉ,1
ุงุถุทุฑุฑุช,-1
ุงุถุนุชู,-1
ุงุถุนุชู ูู,-1
ุงุถุนู,-1
ุงุทุนู,1
ุงุทูุงูุง,-1
ุงุทูุจ,1
ุงุนุฌุงุจู,1
ุงุนุฌุจุชูู,1
ุงุนุฌุจุชูู ุงูุฑูุงูุฉ,1
ุงุนุฌุจูู,1
ุงุนุฌุจูู,1
ุงุนุฌุจูู ุทุฑููู,1
ุงุนุดู,1
ุงุนุดูู,1
ุงุนุทูู 3ูู5,-1
ุงุนุนุนุดู,1
ุฃุนูุฏ,1
ุงุนูุฏ,1
ุงุบุจู,-1
ุงูุฑุงุบ ุงูููุงุก,1
ุงูุดู,-1
ุฃูุถู,1
ุงูุถู,1
ุงูุถู ูุทุนู,1
ุงูุถูู,1
ุงูุถูู ุนูู,1
ุงูุธู,1
ุงููู,-1
ุงููุงุฑู ุบุฑูุจุฉ,-1
ุฃููุงุฑู ูุจูุฑู,1
ุงููุงู ุงูููุงููุงุช,-1
ุงูุญุงู,-1
ุงูู,-1
ุงูู ูู ุงููุชูุณุท,-1
ุงูู ูู ุนุงุฏู,-1
ุงููู,1
ุงููู ูู,1
ุงูุซุฑ ุงุซุงุฑุฉ,1
ุงูุซุฑ ูู ุงููุฒูู,-1
ุงูุฑู ุงูุจูุชุฒุง,-1
ุงูู ุนุงุฏู,-1
ุงููู,1
ุงููู ุนุงุฏู,-1
ุงูููู ูุณุณุท,-1
ุฃููุฏ ูุฑุฌุนููุง,1
ุงูุงุจุงุญูุฉ,-1
ุงูุงุจุชุฐุงู,-1
ุงูุงุจุฏุงุน,1
ุงูุงุฎุทุงุก ุงูุชุงุฑูุฎูุฉ,-1
ุงูุงุฑูุน ุนูู,1
ุงูุงุฒุฑุงุฑ ุจุชุนูู,-1
ุงูุงุณุชูุชุงุน,1
ุงูุงุณุนุงุฑ,1
ุงูุงุณุนุงุฑ ุฑุฎูุตู,1
ุงูุงุณู,-1
ุงูุฃุณูุฃ,-1
ุงูุงุดุงุฏุฉ,1
ุงูุงุทูุงู ๐,-1
ุงูุฃูุถู,1
ุงูุงูุถู,1
ุงูุงูู,1
ุงูุงูู,-1
ุงูุงูู ุงูู,-1
ุงูุงูู ุงูุจุงุฑุฏ,-1
ุงูุงูู ุนุงุฏู,-1
ุงูุงูู ููุชุงุฒ,1
ุงูุงูู ููุจู,1
ุงูุงูุญุฏุงุฑ,-1
ุงูุงูุชูุงู,1
ุงูุงููู,1
ุงูุจุงุฑุฏ ูุฎุตูุตุง,-1
ุงูุจูุฏูุฉ,-1
ุงูุจูุฏูู,-1
ุงูุชุฏุฎูู,-1
ุงูุชุณูู,-1
ุงูุชุทููู,-1
ุงูุชุนุงูู,1
ุงูุชูุงูู,-1
ุงูุชูููู,-1
ุงูุชูุฑุงุฑ,-1
ุงูุชูุฑุงุฑ ุชุชุฌูู,-1
ุงูุชูุงุฏู,-1
ุงูุชูุฌูุฏ ูุงููุจุงูุบุฉ,-1
ุงูุชูุทูุท ูุงุฎูุฑุง,-1
ุงูุชููุน,1
ุงูุฌุฏูุฏู ุชุนุฌุจูู,1
ุงูุฌุฐุงุจ,1
ุงูุฌูุงู,1
ุงูุฌููุน,1
ุงูุฌููู,1
ุงูุฌูููุฉ,1
ุงูุฌูุณ,-1
ุงูุฌูุณูุฉ,-1
ุงูุฌููู,-1
ุงูุฌูุฏู ุฑุฏูู,-1
ุงูุฌูุฏ,1
ุงูุญุงู,1
ุงูุญุจ,1
ุงูุญุณูุฉ ุงููุญูุฏุฉ ,-1
ุงูุญุดุฑุงุช,-1
ุงูุญุดู,-1
ุงูุญููู,1
ุงูุฎุงุงุตู ุฑุงุฆุน,1
ุงูุฎุงูุฉ ุณูุฆุฉ,-1
ุงูุฎุงูุณ,-1
ุงูุฎุฏูู ุณูุฆู,-1
ุงูุฎุฏูุด,-1
ุงูุฎุฑุงูู,1
ุงูุฎุฑุทูู ุงุชูุทุน,-1
ุงูุฎูุงู,1
ุงูุฏุฌุงุฌ ูุงูุณุชูู,-1
ุงูุฏุฎุงู,-1
ุงูุฏูุดุฉ,1
ุฃูุฐ,1
ุงูุฐ,1
ุงูุฐุจุงุจ,-1
ุงูุฐู ุงุถุนุชู,-1
ุงูุฑุงุญุฉ,1
ุงูุฑุงุฆุญุฉ,-1
ุงูุฑุงุฆุน,1
ุงูุฑุงุฆุนุฉ,1
ุงูุฑุงุฆุนู,1
ุงูุฑุฏุงุกู,1
ุงูุฑูุงูุฉ,-1
ุงูุฑูุงูุฉ ุงูุงุฌูู,1
ุงูุฑูุงูุฉ ุงูุงูุซู,1
ุงูุฑูุงูุฉ ุจูุชูู,1
ุงูุฑูุงูุฉ ุฑุงุฆุนุฉ,1
ุงูุฑูุงูู ุฌูููู,1
ุงูุฑูุนุฉ,1
ุงูุฑูุนู,1
ุงูุฑูุญุฉ ูุงุชุฌูุณ,-1
ุงูุณุงุนุฉ,-1
ุงูุณุฎููุฉ,-1
ุงูุณุทุญูุฉ,-1
ุงูุณุนุฑ ุงูุฒุงุฆุฏ,-1
ุงูุณุนุฑ ุบุงุงูู,-1
ุงูุณุนุฑ ูุจุงูุบ,-1
ุงูุณุนุฑ ูุงุงุฑ,-1
ุงูุณูุนุฉ ุณูุฆุฉ,-1
ุงูุณูุก,-1
ุงูุณูุก,-1
ุงูุณูุงุณูุฉ ุงููุฎุชูุทุฉ,-1
ุงูุณูุฆ,-1
ุงูุณูุฆุฉ,-1
ุงูุดุงุทุฆ,1
ุงูุดูุฑ,1
ุงูุดูู,1
ุงูุตุฏุงุน,-1
ุงูุตุฑุงุตูุฑ,-1
ุงูุตูุงูุฉ,-1
ุงูุถุงูุน .,-1
ุงูุถุฌุฉ,-1
ุงูุถุฌู,-1
ุงูุถุนูู,-1
ุงูุทุงุฒุฌุฉ,1
ุงูุทุจูุนูุฉ,1
ุงูุทูุน,-1
ุงูุทูุงููุณ ุจุชุทูุฑ,-1
ุงูุนุจุซ,-1
ุงูุนุจูุฑู,1
ุงูุนุจูุฑูุฉ,1
ุงูุนุจูู ูุจูุฑู,1
ุงูุนูู,-1
ุงูุนููุง,-1
ุงูุนูุจ,-1
ุงูุบุทุงุก,-1
ุงูุบูุทุงุช ุงูููุทููุฉ,-1
ุงูู,1
ุงููุงุฑุบูู,-1
ุงููุงุธ,-1
ุงููุดู,-1
ุงูููุฑุฉ ูุงุชููุช,1
ุงูููุฑู ุฌูููู,1
ุงูููุณูุฉ,1
ุงูููุฏู ูุนุฌุจูู,1
ุงูููุงูู ูุฑุฑู,-1
ุงููุฑุงุกุฉ ุจุฌุฏุงุฑุฉ,1
ุงููุฑู,-1
ุงููุงุจุฉ,-1
", ุงููุงุชุจ",-1
ุงููุชุงุจ ุงุถุงู,1
ุงููุชุงุจ ุฌููู,1
ุงููุชุงุจ ุญุงูุฉ,1
ุงููุชุงุจ ุญูู,1
ุงููุชุงุจ ุฏุฉุฑุงุงุงุฆุน,1
ุงููุชุงุจ ุฑุงุฆุน,1
ุงููุชุงุจ ุธุฑููุฉ,1
ุงููุฑุงููุฉ !,-1
ุงูููุฑููุด,-1
ุงูููู,1
ุงููุฐูุฐ,1
ุงููุฐูุฐู,1
ุงููู ุนููู,1
ุงููุจุงูุบ,-1
ุงููุจุงูุบุงุช,-1
ุงููุจุฏุน,1
ุงููุชุนุฉ,1
ุงููุชุนูู .,-1
ุงููุชูุงุถุน,-1
ุงููุซุงููุฉ,-1
ุงููุฎุชูุทุฉ ุจุฎุฑุงูุงุช,-1
ุงููุฏุญ,1
ุงููุฐููู,1
ุงููุฑ,-1
ุงููุฑุงูููู,-1
ุงููุฑุถ,-1
ุงููุดุงูู ูุฐูุฐู,-1
ุงููุดููู,1
ุงููุทุนู ุงููููุจ,-1
ุงููุทุนู ุงูููุดูู,1
ุงููุทุนู ูููุณ,1
ุงููุบุงุฏุฑุฉ,-1
ุงููุบุต,-1
ุงูููุถู,1
ุงูููุถูุฉ,1
ุงูููุงุณ ูุฎุชูู,-1
ุงููููุจ,-1
ุงูููุงู ุณูุก,-1
ุงูููุฑุฑุฉ,-1
ุงูููู,-1
ุงูููุชุงุฒ,1
ุงูููุชุงุฒุฉ,1
ุงูููุชูุน,1
ุงูููู,-1
ุงููููุฒุฉ,1
ุงููููุฒู,1
ุงูููุชุฌ ุงุตูู,1
ุงูููุชุฌ ุบุงูู,-1
ุงูููุชุฌ ููุณ,-1
ุงูููุชุฌ ูุถุฑูุจ,-1
ุงูููุงุตูุงุช ููุง ูู ,1
ุงููุคูู ูุณุชุธุฑู,-1
ุงูููุงู ุถุนููู,-1
ุงููุฌุงุญ,1
ุงููุฌูุฉ ุงูุฎุงูุณุฉ,1
ุงููุฌูุชุงู,-1
ุงููุฌูุชูู,-1
ุงููุธุงูุฉ,-1
ุงููุงุจุทุฉ,-1
ุงููุฏูุก,1
ุงููุฑุงุก,-1
ุงููุฑุฏู,-1
ุงููุฒู ุงูุฎููู,1
ุงููุนุธูุฉ ุจุงูุทุฑููุฉ,-1
ุงูููุช ุงูุถุงูุน,-1
ุงูุชุน,1
ุงูุฏุญ,1
ุงูุฑู ููู,-1
ุงูุง ุบูุทุงู,-1
ุงูุง ูุงุญุจ,-1
ุงูุจุณุท,1
ุงูุจุณุทุช,1
ุงูุชูู,-1
ุฅูุญุฏุงุฑ,-1
ุงูุญุฏุงุฑ,-1
ุฃูุตุญ,1
ุงูุตุญ,1
ุงูุตุญ ุจุดุฑุงุก,1
ุงูุตุญ ุจู,1
ุงูุตุญ ุจูุง,1
ุงูุตุญูู,1
ุงูุตุฏูุช,-1
ุงูุธู,1
ุงููุตุช,1
ุงููุณุฑ,-1
ุฃููุง ุฃูุถู,1
ุงููู,1
ุงู ุจุงุฏุฑ,-1
ุงูุญุด ูุชุงุจ,-1
ุงููุฑ,-1
ุงูููู ูุชุนุจูู,-1
ุงูุงูู,-1
ุงูุฌุงุจู,1
ุงู ุฌุฏูุฏ,-1
ุงู ุญุงุฌุฉ,-1
ุงู ุดูุก ุฌุฏูุฏ,-1
ุงู ููุงู,-1
ุจุงุงุงูุธุฉ,-1
ุจุงุงุงูุธุฉ ุงูุซูู,-1
ุจุงุงุฆุณ,-1
ุจุงุงุฆุณ ุจุดูู,-1
ุจุงุฏุฑ,-1
ุจุงุฑุฏ,-1
ุจุงุฑุฏุฉ,-1
ุจุงุฑุฏู,-1
ุจุงุธ,-1
ุจุงูุงูุญุฏุงุฑ,-1
ุจุงูุชุฏูู,-1
ุจุงูุฌูุฏู,1
ุจุงูุฏููู,-1
ุจุงูุฑูุนุฉ,1
ุจุงูุฑูุนู,1
ุจุงูุดูุฑ,1
ุจุงูุบ ุงููุซูุฑ,-1
ุจุงูุบูุท ู,-1
ุจุงููุงุฏ,-1
ุจุงูููู,-1
ุจุงููุงููุงุช ูุชูุณุทุฉ,-1
ุจุงูุช,-1
ุจุงูุธ,-1
ุจุงุฆุณุฉ,-1
ุจุงูุช,-1
ุจุงูุฎ,-1
ุจุชุนูู,-1
ุจุชูุฒู,-1
ุจุชูุฌุน,1
ุจุญุจ,1
ุจุญุจู,1
ุจุฎุฑุงูุงุช ุงูุจุฑููุณูุฑ,-1
ุจุฎูุจุฉ,-1
ุจุฏุงูุฉ ููููุฉ,1
ุจุฏูุฉ,1
ุจุฏูู,1
ุจุฏูู,-1
ุจุฏูู ุทุนู,-1
ุจุฏูู ูุญุชูู,-1
ุจุฏูู ููุญูุงุช,-1
ุจุฏูุน,1
ุจุฏูุนู !,1
ุจุฑุงุนุฉ,1
ุจุฑุงูู,1
ุจุฑุฌุฑ,1
ุจุฑุฏุงุกู,-1
ุจุณุงุทุฉ,1
ุจุณูุทุฉ,1
ุจุณูุทู ููููุฏู,1
ุจุณูุท ู,1
ุจุดุน,-1
ุจุดุนุฉ,-1
ุจุดุนุฉ ูู,-1
ุจุตุนูุจู,-1
ุจุตุนูุจู ุชุจูุนู,-1
ุจุถูู,-1
ุจุทูู,-1
ุจุทุฆ,-1
ุจุทูุก ูุชุนูู,-1
ุจุทูุฎ,-1
ุจุทูุฆุฉ,-1
ุจุทูุฆู,-1
ุจุนุซุฑุชูู,-1
ุจุนุฏ ุดุฑุงุฆู,-1
ุจุนุฏู,-1
ุจุนุดู,1
ุจุนุถูุง ูุฐูุฐู,1
ุจุนูุฏ,-1
ุจููุฉ,-1
ุจูุงูู,1
ุจูุชูู .,1
ุจูุงุณุชูู,-1
ุจูุง ูุนูู,-1
ุจูุจูุบ,-1
ุจูุฑุงุญู,-1
ุจูุดู,-1
ุจูุบุต,-1
ุจููู,-1
ุจูุฌูุชูู,-1
ุจูุตุญ,1
ุจูุฌุฉ,1
ุจูุธุช,-1
ุจูุจู .,-1
ุจูุดุจุน,1
ุจููุถ,-1
ุชุงุฎุฑ,-1
ุชุฃุฎูุฑ,-1
ุชุงูู,-1
ุชุงููุฉ,-1
ุชุงููู,-1
ุชุจุงุฑู,1
ุชุชููุฒ,1
ุชุชูุตูุด !,1
ุชุชูุตูุด,1
ุชุฌุฑุจุฉ,-1
ุชุฌุฑุจู ูุฑูุฑู,-1
ุชุฌูุจ,-1
ุชุฌูุจู,-1
ุชุฌูู,1
ุชุญุจ,1
ุชุญูุฉ,1
ุชุญููุฉ,1
ุชุญููุฉุฉุฉ,1
ุชุญููู,1
ุชุญูู,1
ุชุญูุงุชู,1
ุชุฎุชูู ุนู ุงูุตูุฑู,-1
ุชุฎุชูู ุนู ุงููุตู,-1
ุชุฎุฏุด,-1
ุชุฎุฑุจ,-1
ุชุฏููุฑ,-1
ุชุฏูู,1
ุชุฑุงุฌุน,-1
ุชุฑุชูู,1
ุชุฑูู,1
ุชุณุชุงูู,1
ุชุณุชุญู,1
ุชุณุฑุจ,-1
ุชุณูู,-1
ุชุณููุช,-1
ุชุณูููุง,-1
ุชุณูููุง ููู,-1
ุชุณููู,-1
ุชุณูููุง,-1
ุชุดุงุคู ูุง,-1
ุชุดูููุงุชูู ุงูุฌุฏูุฏู,1
ุชุดูููุง,1
ุชุตุงูุญ,1
ุชุตูุญ,1
ุชุถุญู,1
ุชุถูุน,-1
ุชุถููุน,-1
ุชุทุงุจู,1
ุชุนุจุงู,-1
ุชุนุจุงูุฉ,-1
ุชุนุฌุจูู,1
ุชุนุฌุจูู ุงูููุงูุฉ,1
ุชุนุทูู,-1
ุชุนูู ุจุดูู ุฌูุฏ,1
ุชุนูุณ,-1
ุชุบูุฑ,-1
ุชูุงูุฉ,-1
ุชูุชุญ ุงูููุณ,1
ุชูุชูุฑ,-1
ุชูุฑุบ ุจุณุฑุนู,-1
ุชูููุช,1
ุชูุชูุน,1
ุชูู,1
ุชูููุฏ,-1
ุชูููุฏู,-1
ุชูููุฉ,-1
ุชูุฑุงุฑ,-1
ุชูุฑู,-1
ุชูุฑู ุงููุนูู,-1
ุชููู,1
ุชูู ูุทุน,-1
ุชููุช,-1
ุชูุงู,1
ุชูุงุณุจ ูุฒูู,1
ุชูููุน,1
ุชูุช,-1
ุชูุจ,1
ุชูุฌุฏ ุฎุฏูู,1
ุชูุญูู,1
ุชุคุฏู ุงูุบุฑุถ,1
ุชูุตู ุจูููุงุช,1
ุชููุนุชูุง,-1
ุชููู ุนู ุงูุนูู,-1
ุซูุงูุฉ,-1
ุซูุงูุฉ ุฏู,-1
ุซูุงุซู,-1
ุฌุงุงูุฏ,1
ุฌุงุญุฏุฉ,1
ุฌุงูู,-1
ุฌุงูุฏ,1
ุฌุงูุฏุฉ,1
ุฌุงูุฏู,1
ุฌุงูู,-1
ุฌุจุงุฑ,1
ุฌุจุงุฑุฉ,1
ุฌุฏุง ุณูุฆุฉ,-1
ุฌุฏุง ุนุงุฏู,-1
ุฌุฏุง ูู,1
ุฌุฏุง ูุฌููู,1
ุฌุฏ ูุงูุน,1
ุฌุฏูุฏุฉ,1
ุฌุฏูุฑ,1
ุฌุฏูุฑุฉ,1
ุฌุฐุจุชูู ูุซูุฑุง,1
ุฌุฑุจ,1
ุฌุฑุจูุง,1
ุฌุฑุจูู,1
ุฌุฑุจููุง,1
ุฌูุณุงุชู,-1
ุฌูุงู,1
ุฌูู,1
ุฌููููู,1
ุฌููู,1
ุฌูููุง,1
ุฌููู ุงููุชุงุจ,1
ุฌูููุฉ,1
ุฌูููุฉ ุฌุฏุง,1
ุฌูููุฉ ูุฐู,1
ุฌูููุฉ ูููู,1
ุฌููู ุฌุฏุง,1
ุฌููู ููู,-1
ุฌูููู,1
ุฌููู ู,1
ุฌูููู,1
ุฌููููุฉ,1
ุฌูููููุฉ,1
ุฌูุงุงู,1
ุฌูุงู,1
ุฌูุณ,-1
ุฌูุณูุฉ,-1
ุฌูุฏุฉ,1
ุฌูุฏุฉ ุฌูุฏุฉ,1
ุฌู ูุฆูุจ,-1
ุฌูุฏ,1
ุฌูุฏุง,1
ุฌูุฏ ุงููุชุงุจ,1
ุฌูุฏุฉ,1
ุฌูุฏุฉ ุฌุฏุง,1
ุฌูุฏ ุฌุฏุง,1
ุฌูุฏุฌุฏุงุง,1
ุฌูุฏ ูู,1
ุฌูุฏ ููุนุง,1
ุฌูุฏู,1
ุฌูุฏู ุฌุฏุง,1
ุฌูุฏู ููุนุง,1
ุฌูุฏ ูุงูุณุนุฑ,1
ุฌููุฏ,1
ุฌููุฏ ูุงูู,1
ุญุงุฌุงุช ูุชูุฑ,1
ุญุงุฌุฉ ุญููุฉ,1
ุญุงุฌุฉ ุบูุท,-1
ุญุจุจุช,1
ุญุจุจุช ุงูุฑูุงูุฉ,1
ุญุจุจุชู,1
ุญุจุจุชูุง,1
ุญุจูุจู !,1
ุญุจูุช,1
ุญุจูุชู,1
ุญุจูุชูุง,1
ุญุจููุช,1
ุญุฑุงู,-1
ุญุณุจู ุงููู,-1
ุญุณุจู ุงููู ููุนู ุงููููู,-1
ุญุณู,1
ุญุดุฑุงุช,-1
ุญุดุฑู,-1
ุญุดู,-1
ุญุตู ุนูุจ,-1
", ุญุถูุชู",1
ุญููุฑ,-1
ุญูุงูุฉ,1
ุญูู,1
ุญููุฉ,1
ุญููู,1
ุญููู,1
ุญูู,1
ุญูุตูู ุฎุฑุงุงุงูู,1
ุญููู,1
ุญูุงุชู ูุณููู,-1
ุญูู,1
ุฎุงุจ,-1
ุฎุงูุงุช ุชุนุจุงูู,-1
ุฎุงูุณ,-1
ุฎุงูุณุฉ,-1
ุฎุงูุณู,-1
ุฎุฎุฎุฎ,-1
ุฎุฏุงุน,-1
ุฎุฑุง,-1
ุฎุฑุงุงุงูู,1
ุฎุฑุงุงูู,1
ุฎุฑุงูู,1
ุฎุฑุจ,-1
ุฎุฑุฉ ุฒู,-1
ุฎุฑู !,-1
ุฎุฑูุต,-1
ุฎุณุงุฑุฉ,-1
ุฎุณุงุฑู,-1
ุฎุณุงุฑู ุงูููุช,-1
ุฎุตูุตูู,1
ุฎุทูุฑ,1
ุฎุทูุฑู,1
ุฎุทููุฑ,1
ุฎููู,1
ุฎูููุฉ,1
ุฎูููุฉ ูุงุจูุฑุชูู,1
ุฎููู ุฌุฏุง,-1
ุฎููู ูุทูู,1
ุฎูููู,1
ุฎููู ู,1
ุฎููู ููุทูู,1
ุฎููู ููุด,1
ุฎูุตุช ?,-1
ุฎูุตุชูุง ููุฃุฎุฑ,1
ุฎูุทุจูุทุฉ,-1
ุฎู,-1
ุฎูุณ,1
ุฎูุฑุงููู,1
ุฎูุงู,1
ุฎูุงู ูุฏู,1
ุฎูุงูู !,1
ุฎูุงูู,1
ุฎูุจ,-1
ุฎูุจุฉ,-1
ุฎูุจุฉ ุฃูู,-1
ุฎูุจุช,-1
ุฏุงุฆูุง,1
ุฏุงูู,1
ุฏุฉุฑุงุงุงุฆุน,1
ุฏุฑุงูุฉ ูููุฉ,1
ุฏุณู,-1
ุฏุณูู,-1
ุฏุณูู ุฌุฏุง,-1
ุฏู,-1
ุฏูุงุงุบ,1
ุฏููุง ุฎููู,1
ุฏูู ุฎููู,1
ุฏู ุฎุถูู,-1
ุฏูุดุฉ ููุฑูุฉ,-1
ุฏูู ุงููุณุชูู,-1
ุฐููุฉ,1
ุฐูู,1
ุฑุงุงุงุฆุน,1
ุฑุงุงุงุฆุนุฉ ูุนูููุฉ,1
ุฑุงุงุงุฆุนู,1
ุฑุงุงุฆุน,1
ุฑุงุงุฆุนุฉ,1
ุฑุงุงุฆุนู,1
ุฑุงุงูู,1
ุฑุงุบู,-1
ุฑุงูุช ูู,1
ุฑุงูู,1
ุฑุงููุฉ,1
ุฑุงููู,1
ุฑุงุฆุญุฉ,-1
ุฑุงุฆุญุฉ ุณูุจูุฉ,-1
ุฑุงุฆุน,1
. ุฑุงุฆุน,1
ุฑุงุฆุนุง,1
ุฑุงุฆุนุฉ,1
ุฑุงุฆุนู,1
ุฑุงุฆุนูู,1
ุฑุงุฆุบุฉ,1
ุฑุงุฆุฆุฆุน,1
ุฑุงู ุณูุจู,-1
ุฑุงูุน,1
ุฑุงูู,1
ุฑุงููุฉ,1
ุฑุงููู,1
ุฑุญูุฉ ุงููู,1
ุฑุฎุต,1
ุฑุฎูุงุงู,-1
ุฑุฎูุต,1
ุฑุฎูุตุฉ,-1
ุฑุฎูุตู ุฌุฏุง,1
ุฑุฏูุก,-1
ุฑุฏุฆ,-1
ุฑุฏูู,-1
ุฑุฏูุฆุฉ,-1
ุฑุฏูุฆู,-1
ุฑุฑุงุงุงุฆุน,1
ุฑุฑุงุฆุน,1
ุฑุฑููุนู,1
ุฑุบู ุฑูุนุชูุงุง,1
ุฑุบู,-1
ุฑููู ุงูููู,1
ุฑููู,1
ุฑูููุฉ,1
ุฑููู,-1
ุฑูููุฉ,-1
ุฑููุช,-1
ุฑููุชู,-1
ุฑููุชูุง,-1
ุฑููุจ,1
ุฑููุจ,-1
ุฑููุจุจู,1
ุฑููุจุฉ,1
ุฑููุจู,1
ุฑูููุจ,1
ุฑูููุจู,1
ุฑูุงูุฉ,1
. ุฑูุงูุฉ,1
ุฑูุงูุฉ ุชุณุชุญู,1
ุฑูุงูุฉ ุฌูููุฉ,1
ุฑูุงูุฉ ุฌูุฏุฉ,1
ุฑูุงูุฉ ุฎุงูุจุฉ,-1
ุฑูุงูุฉุฑุงุฆุนุฉ,1
ุฑูุงูุฉ ุฑุงุฆุนุฉ,1
ุฑูุงูุฉ ูุฆูุจุฉ,-1
ุฑูุงูุฉ ูุญุจุทุฉ,-1
ุฑูุงูุฉ ูุดููุฉ,1
ุฑูุงูุฉ ููุชุนุฉ,1
ุฑูุงูุฉ ูููุฉ,-1
ุฑูุน,1
ุฑูุนุฉ,1
ุฑูุนุชูุง,1
ุฑูุนุชูุงุง,1
ุฑูุนู,1
ุฑููุงูุณู,1
ุฑููุนุฉ,1
ุฑููุนู,1
ุฑูููุนู,1
ุฒุจุงูุฉ,-1
ุฒุจุงูู,-1
ุฒุฌุงุฌูุง ูุฎุฏุด,-1
ุฒุญูุฉ,-1
ุฒุญูู ูุงูุงูู,-1
ุฒูุช,-1
ุฒูุฑ,-1
ุฒููุช,-1
ุฒูุงุฏุฉ ุนู ุงููุฒูู,-1
ุฒูู,1
ุฒูู ูุฑู,1
ุฒููุช,-1
ุณุงุจู ูุนุตุฑู,1
ุณุงุญุฑ,1
ุณุงุญุฑุฉ,1
ุณุงุฎุฑุฉ ููููุฒุฉ,1
ุณุงุฐุฌ,-1
ุณุงุฐุฌุฉ,-1
ุณุงุนุฉ,1
ุณุงูุจ,-1
ุณุชูุชุนุช,1
ุณุฎู,-1
ุณุฎูู,-1
ุณุฎููุฉ,-1
ุณุฎููู,-1
ุณุฏ ููุณู,-1
ุณุฑุนุฉ,1
ุณุฑูุฉ,-1
ุณุฑูู,-1
ุณุฑูุน,1
ุณุฑูุนุฉ,1
ุณุฑูุนู,1
ุณุทุญู,-1
ุณุทุญูุฉ,-1
ุณุทุญูู,-1
ุณุนุฏุช,1
ุณุนุฑ ูุฌููู,-1
ุณุนุฑ ูุฑุชูุน,-1
ุณุนุฑูุง ูุบุงูู,-1
ุณุนูุฏ,1
ุณุนูุฏุฉ,1
ุณู,-1
ุณูุณุทุฉ,-1
ุณูุจู,-1
ุณูุจูุฉ,-1
ุณูุจู ุฌุฏุง,-1
ุณูุฉ ุงูููููุงุช,-1
ุณูุนุฉุฉุฌูุฏุฉ,1
ุณููุจู ููู,1
ุณูุนุช,-1
ุณูุนูุฏ,1
ุณูู,1
ุณูู ุงูุงุณุชุฎุฏุงู,1
ุณููุฉ,1
ุณูููุฉ,1
ุณูุก,-1
ุณูุฏุงุก ุงูููู,-1
ุณูุฏุงููุฉ,-1
ุณูุฑู,-1
ุณูุก,-1
ุณุฆ,-1
ุณูุก,-1
ุณูุกุก,-1
ุณูุกุก ุฌุฏุงุง,-1
ุณูุก ุฌุฏุง,-1
ุณุฆ ุฌุฏุง,-1
ุณูุก ููุบุงุงูู,-1
ุณุฆูู,-1
ุณู ุฌุฏุงุงุง,-1
ุณูุฑุฉ ุญููุฉ,1
ุณูู,-1
ุณูู,-1
ุณููุก,-1
ุณูุฆ,-1
ุณูุฆุง,-1
ุณูุฆุฉ,-1
ุณูุฆุฉ ุฌุฏุง,-1
ุณูุฆ ุฌุฏุง,-1
ุณูุฆู,-1
ุณููุฆ,-1
ุณููุฆุฉ,-1
ุณููุฆุฉ ููุบุงูุฉ,-1
ุณููููุก,-1
ุดุงุนุฑ ุงูุตุนุงููู,-1
ุดุญู,-1
ุดุนุฑู,-1
ุดุบุงุงุงู,1
ุดุบุงู,1
ุดูุฑ,1
ุดูุฑุง,1
ุดูุฑุงุงุง,1
ุดูููุง ุจุงุธุช,-1
ุดูู,1
ุดููุชูู,1
ุดูุก ุฌูู,1
ุดูู,1
ุดููุฉ,1
ุดูู,1
ุดูู,-1
ุดููู,-1
ุตุงุฏู,1
ุตุงุฏูุฉ,1
ุตุงุฏูู,1
ุตุฌู ุงูุจุฑ,-1
ุตุญู,1
ุตุญูู,1
ุตุฏูุช,1
ุตุฏูุช,-1
ุตุฏูุชู,-1
ุตุฏูู,1
ุตุฑุตูุฑ,-1
ุตุฑูุญ,1
ุตุนุจู,-1
ุตุนูุฉ,-1
ุตุนูุช,-1
ุตุบูุฑุฉ ุฌุฏุง,-1
ุตุบูุฑ ุฌุฏุง,-1
ุตุบูุฑู ุฌุฏุง,-1
ุตูุฑ,-1
ุตูุฑ ูุจูุฑ,-1
ุตูุงุนู ุตูููู,-1
ุตูุช ุงูุซุฑ,-1
ุถุงููุชูู,-1
ุถุฌุฉ,-1
ุถุฌู,-1
ุถุญู,1
ุถุญูุฉ,-1
ุถุนู,-1
ุถุนูู,-1
ุถุนููุฉ,-1
ุถุนููู,-1
ุถูุน,-1
ุถูุนุช ููุชู,-1
ุถูู,-1
ุถููุฉ,-1
ุถููู,-1
ุทุงุฒุฌ,1
ุทุนู,1
ุทุนู,-1
ุทูุดุชูู,-1
ุทูุงุณู .,-1
ุทูุงุณู,-1
ุทูุงู ุงูููู,-1
ุทูููุฉ ุฌุฏุง,-1
ุทูุจ,1
ุทูุจู,1
ุธุฑูู,1
ุธุฑูู ูุนููู,1
ุนุงุงุงุฏู,-1
ุนุงุงุฏู,-1
ุนุงุชู,-1
ุนุงุฌุจูู,1
ุนุงุฌุจูู,1
ุนุงุฏู,-1
ุนุงุฏูุฉ,-1
ุนุงุฏูุฉ ุฌุฏุง,-1
ุนุงุฏู ุฌุฏุง,-1
ุนุงุฏูู,-1
ุนุงุฏูู ุฌุฏุง,-1
ุนุงุฏู ููุง,-1
ุนุงุฏู ููู,-1
ุนุงูุงูู 700ุฑูุงู,-1
ุนุงููุงุถู,-1
ุนุงูููู,1
ุนุงููุฉ,1
ุนุจูุฑู,1
ุนุจูุฑู,1
ุนุจูุฑูุฉ,1
ุนุจูุฑูู,1
ุนุจูุท,-1
ุนุฌุจุชูู,1
ุนุฌุจุชูู ุฌุฏุง,1
ุนุฌุจูู,1
ุนุฌุจูู ุงููุชุงุจ,1
ุนุฌุจูู ุงูู,1
ุนุฌุจูู ุฌุฏุง,1
ุนุฌุจูู ูุซูุฑุง,1
ุนุฌุจู,1
ุนุฌุจู,1
ุนุฌููุจ,1
ุนุดุงุงู,1
ุนุดุงู,1
ุนุดุฑู,1
ุนุดู,1
ุนุดูุช,1
ุนุดูุชูุง,1
ุนุดูู,1
ุนุทุฑ ูุบุดูุด,-1
ุนุธูู,1
ุนุธููุฉ,1
ุนุธููู,1
ุนูุงุฑุฉ ูุฑ,-1
ุนููู,1
ุนูููู,1
ุนููู,1
ุนูููุฉ,1
ุนูููู,1
ุนูุจ,1
ุนูุฏุฉ,1
ุนูุฏุฉ ุงูุบุงุฆุจ,1
ุนูุจ,-1
ุนูุจู,1
ุนูุจูู,1
ุนูุจูู,-1
ุนููุจ,-1
ุบุงุงูู,-1
ุบุงูู,-1
ุบุงูู ุฌุฏุง,-1
ุบุงููู,-1
ุบุงููู ุฌุฏุง,-1
ุบุงูุฉ,1
ุบุจู,-1
ุบุจู,-1
ุบุด,-1
ุบุดูู,-1
ุบูุทุงู ุงูู,-1
ุบูุทุฉ,-1
ุบูุทุฉ ุนูุฑู,-1
ุบูู,1
ุบูู,1
ุบูููู,-1
ุบูุฑ ุญูุงุชู,1
ุบูุฑ ุนุงุฏูุฉ,1
ุบูุฑ ูุชุฑุงุจุทุฉ,-1
ุบูุฑ ูุชููุนุฉ,1
ุบูุฑ ูุชููุนู,1
ุบูุฑ ูุฑูุญู,-1
ุบูุฑ ูููุฏ,-1
ุบูุฑ ูููุน,-1
ุบูุฑ ูููุฉ,1
ุบูุฑ ููุทููุฉ,-1
ุบูุฑ ููููุฉ,-1
ุบูุฑ ูุธููุฉ,-1
ุบูุฑ ูุงุถุญุฉ,-1
ูุงุญุด,-1
ูุงุฎุฑ,1
ูุงุฎุฑู,1
ูุงุฏูู,1
ูุงุณุฏู,-1
ูุงุดู,-1
ูุงุดูุฉ,-1
ูุงุดูู,-1
ูุงุถู,-1
ูุงูุณ,-1
ูุชูุฉ ุณูุฏุงุก,-1
ูุฌ,-1
ูุฎู,1
ูุฑุญ,1
ูุฑูุน,1
ูุฑูุฏ,1
ูุฑูุฏุง,1
ูุฑูุฏุฉ,1
ูุฑูุฏู,1
ูุณุฏ,-1
ูุดู,-1
ูุถู,1
ูุถู ูุชุงุจ,1
ูุธูุน,-1
ูุธูุนุฉ,-1
ูุนูุง,1
ูุนูุง ูุฏูุงุงู,-1
ูููุน,-1
ููุฑุชู ุญููุฉ,1
ููุงู,1
ููุฌุฆุช,-1
ููู ุงูุฎูุงู,-1
ููู ุงููุชูุณุท,1
ูู ุงูุจุคุณ,-1
ูู ุงูุฎูุงู,1
ูู ุงูุณุฐุงุฌุฉ,-1
ูููุง ููุฑุฉ,1
ููู ุชูุฑุงุฑ,-1
ููู ุฒูู,1
ูุงุณู,-1
ูุงุณูุฉ,1
ูุงุณูุฉ,-1
ูุงุณู ุฌุฏุงุง,-1
ูุชูุช ุงููุตุฉ,-1
ูุฏุฑุงุชู ุงูุนูููู,-1
ูุฏ ูุงุชุณุชุญู,-1
ูุฏูู,-1
ูุฏููุฉ,-1
ูุฐุฑ,-1
ูุฐุฑุฉ,-1
ูุฑุงุฑูุฉ,-1
ูุฑุฑู,-1
ูุฑู,-1
ูุฑูุจ,1
ูุฑูุจ ุฌุฏุง,1
ูุตุฉ ุฌูููุฉ,1
ูุตุต ุงุนุฌุจุชูู,1
ูุตุต ุฎูููุฉ,1
ููุจู,1
ููุฉ,-1
", ููุดุช",-1
ููุดุช ููู,-1
ูููู ุงููุนูููุงุช,-1
ููุฉ,1
ููุฉ ุงูุฌูุฏุฉ,1
ููู,1
ููู,1
ูููุฉ,1
ูููุฉ,-1
ูุงุชุจ,-1
ูุงุฐุจ,-1
ูุงุฑุซุฉ,-1
ูุงูู 10/10,1
ูุงู ุงุญุณู,-1
ูุงูุช ูุญุชุงุฌุฉ,-1
ูุงู ุชูุจ,1
ูุงู ุฌูููุง,1
ูุงู ูุฌุฏุฑ,-1
ูุจูุฉ,-1
ูุจูุฑุฉ,1
ูุจูุฑุฉ ุจูุญุชูุงูุง,1
ูุจูุฑุฉ ูุนูุดุฉ,-1
ูุชุงุงุจ,1
ูุชุงุจ ุจุงุงุฆุณ,-1
ูุชุงุจ ุจุถูู,-1
ูุชุงุจ ุฌูุฏ,1
ูุชุงุจ ุฌููุฏ,1
ูุชุงุจ ุญูู,1
ูุชุงุจ ุฎุฑุฉ,-1
ูุชุงุจ ุฑุงุฆุน,1
ูุชุงุจ ูููุน,-1
ูุชุงุจ ููู,1
ูุชุงุจ ูุชุทุฑู,-1
ูุชุงุจ ููุชุน,1
ูุชุงุจ ููู,-1
ูุชุงุจู,1
ูุชุงุจ ูุณุชุญู,1
ูุชูุฑ ุฌุฏุง,-1
ูุซูุฑุฉ ุจุงูููุฏู,1
ูุฐุงุจ,-1
ูุฐุงุจู,-1
ูุฐุจ,-1
ูุฑู,-1
ูุฑูุช,-1
ูุฑูุชูุง,-1
ูุฑููุฉ,-1
ูุณููู ุณุงุจู,-1
ูููุงุช ุฌูููุฉ,1
ููุง ูู ุงูููุงุตูุงุช,1
ููุง ูู ุงููููุน,1
 ููุง ูู ูุนุฑูุถ,1
ูููุณ,1
ูููุณุฉ,1
ูููุณ ูููุณ,1
ูููุณู,1
ูุฆูุจ,-1
ูุฆูุจุฉ,-1
ูุฆูุจุฉ ุฌุฏุง,-1
ูุฆูุจุฉ ูุณูุจูุฉ,-1
ูุฆูุจ ุฌุฏุง,-1
ูุฆูุจู,-1
ูุง ุฃุญุจ,-1
ูุง ุฃุญุจู,-1
ูุงุงุณุชุณูุบ,-1
ูุงุงุณุชุณูุบ ุงูุงูู,-1
ูุง ุฃูุซุฑ,-1
ูุง ุฃูุตุญ,-1
ูุงุงูุตุญ,-1
ูุง ุงูุตุญ,-1
ูุง ุงููุฑ,-1
ูุง ุฃูุตู,-1
ูุงุจุฃุณ,1
ูุงุจุงุณ ุจู,1
ูุงุจุงุณ ุจูุง,1
ูุง ุชุฑูู,-1
ูุงุชุณุชุญู,-1
ูุง ุชุณุชุญู,-1
ูุงุชุณุชุญู ุนูุงุก,-1
ูุงุชุตูุญ,-1
ูุง ุชุนุตุฑ,-1
ูุงุชุนูู,-1
ูุง ุชุนูู,-1
ูุง ุชูู,-1
ูุง ุชููู,-1
ูุงุชูุฌุฏ,-1
ูุงุฌุฏูุฏ,-1
ูุง ุฌุฏูุฏ,-1
ูุง ุฏุงุนู,-1
ูุงุฒู,1
ูุฃุณู,-1
ูุง ุดุฆ,-1
ูุงุทุนู,-1
ูุง ุบูู ุนูู,1
ูุง ุบูู ุนููุง,1
ูุง ููู,-1
ูุงูุตุญ,-1
ูุง ูุตุญ,-1
ูุงูุณุชุญู,-1
ูุง ูุณุชุญู,-1
ูุง ูุตู,-1
ูุงูุตูุญ,-1
ูุงูุทุงุจู,-1
 ูุงูุทุงุจู,-1
ูุงูุทุงุจู ุงูููุงุตูุงุช,-1
ูุงูุนุฌุจูู,-1
ูุง ูุนูู,1
ูุง ูุนูู,-1
ูุง ูููุชู,1
ูุงูููุชูู,1
ูุง ูููุชูู,1
ูุงููุงูู,1
ูุง ูููู ุจู,-1
ูุง ููู,1
ูุง ููุตู,1
ูุจุณุช ุนูููุฉ,-1
ูุฌูุงููุฉ ูุบุชูุง,1
ูุฏุฑุฌุฉ ุงูุตุนูุจุฉ,-1
ูุฐู,1
ูุฐูุฏ,1
ูุฐูุฐ,1
ูุฐูุฐุง,1
ูุฐูุฐุฉ,1
ูุฐูุฐ ุฌุฏุง,1
ูุฐูุฐู,1
ูุฐููุฐ,1
ูุฒุฒููุฒุฒ,1
ูุฒูุฒ,1
ูุถุนู,-1
ูุทุงููุง,1
ูุทูู,1
ูุทููุฉ,1
ูุทูู ุฌุฏุง,1
ูุนุดุงู,1
ูุนูุฉ,-1
ูุบุฉ ุดุนุฑูุฉ,1
ูุบุฉ ููุฉ,1
ููููุง ูุฆูุจุฉ,-1
ูููู ููุจูู,1
ููุงุจุฏุงุน,1
ููุฃุณู,-1
ููุงุณู,-1
ููุงุดูุฆุฒุงุฒ,-1
ููุงูุงู,-1
ููุญุจ,1
ูููุจุญ,-1
ูููุจุชุฏุฆูู,-1
ูููุฑุงูููู,-1
ูู,-1
ูู ุงุญุจ,-1
ูู ุงุฑุชุงุญ,-1
ูู ุงุณุชุทุน ุงููุงููุง,-1
ูู ุงุณุชูุชุน,-1
ูู ุงููู,-1
ูู ุฃููููุง,-1
ูู ุชุฑู,-1
ูู ุชุนุฌุจูู,-1
ูู ุชุนุฌุจูู,-1
ูู ุญุจูุง,-1
ูู ููุชุฑู,1
ูู ูุชู,-1
ูู ูุฌุฐุจูู,-1
ูู ูุฑู,-1
ูู ูุนุฌุจูู,-1
ูู ูุนุฌุจูู,-1
ูู ููุฏู,-1
ูู ุฃุนูุฏ,-1
ูู ุงููู ุจุดุฑุงุฆู,-1
ูู ุงููู ุจุดุฑุงุฆูุง,-1
ูู ุนูุฏ,-1
ูููู,-1
ููุณ ุงูุซุฑ,-1
ููุณุช ุจุงูุฑูุนุฉ,-1
ููุณุช ุจูุฏุฑ,-1
ููุณุช ุจููุณ,-1
ููุณุช ููุง ุชุธูุฑ ูู ุงูุฅุนูุงู,-1
ููุณ ุณูุฆ,1
ููุณ ููู ุดูุก,-1
ูุง ุงุณุชูุชุนุชุด,-1
ูุงุฃุนุฌุจูู,-1
ูุงุงุนุฌุจูู,-1
ูุงุงูุตุญ,-1
ูุง ุงูุตุญ,-1
ูุง ุชุชูุตูุด,1
ูุงุชุฌูุณ,-1
ูุงุชุฌูุณ ุณุงุนู,-1
ูุงุชุญูุณุช,-1
ูุงุชุญูุณุช ูุนูุง,-1
ูุงุชุณุชุงูู,-1
ูุงุชุณุชุงูู ุณุนุฑู,-1
ูุงุชุดุชุบู,-1
ูุงุชูุธู,-1
ูุงุญุจ,-1
ูุงุญุจูุช,-1
ูุงุญุจูุชู,-1
ูุงุญุจูุชูุง,-1
ูุง ุญุจูุชูุง,-1
ูุงุญุจูุชูุง ูููู,-1
ูุงุณุงู,-1
ูุงุดุงุก ุงููู,1
ูุง ุดุงุก ุงููู,1
ูุง ุนุฌุจุชูู,-1
ูุงุนุฌุจุชููุด,-1
ูุฃุนุฌุจูู,-1
ูุงุนุฌุจูู,-1
ูุง ุนุฌุจูู,-1
ูุงุนุฌุจููุด,-1
ูุงุนูุฏู,-1
ูุงููู,-1
ูุงูุงู ููุชุน,-1
ูุง ูููุชูุงุด,-1
ูุงูู ุทุนู,-1
ูุงูุณุชุงูู,-1
ูุง ูุณุชุงูู,-1
ูุงูุณุชุญู,-1
ูุงูุณุชูู,-1
ูุงูุดุฌุน,-1
ูุงูุนุฌุจูู,-1
ูุงูุนุฌุจูู ูุงูููุนูู,-1
ูุงูููู,-1
ูุจุงูุบ,-1
ูุจุงูุบุฉ,-1
ูุจุงูุบ ููู,-1
ูุจุงูุบ ูููุง,-1
ูุจุชุฏุฆูู,-1
ูุจุชุฐู,-1
ูุจุชุฐูุฉ,-1
ูุจุญุจุด,-1
ูุจุฏุน,1
ูุจุฏุนุฉ,1
ูุจุฒุฑุฉ,-1
ูุจุณุท,1
ูุจ ูุณุชูู,-1
ูุจูุฑ,1
ูุชุฎุตุต,1
ูุชุฏูู,-1
ูุชุฏููุฉ,-1
ูุชุฏููู,-1
ูุชุณุฎ,-1
ูุชุณุฎุฉ,-1
ูุชุน,1
ูุชุนุจุฉ,-1
ูุชุนุจุฉ ุฌุฏุง,-1
ูุชุนุฉ,1
ูุชูู,1
ูุชูุงูู,1
ูุชูุฑุฑุฉ,-1
ูุชููุฒ,1
ูุชููุฒุฉ,1
ูุชููุฒู,1
ูุชูุงุบูู,1
ูุชููุน,1
ูุชููุนู,1
ูุชูุงูู,-1
ูุชูุงุถุน,-1
ูุชูุงุถุนุฉ,-1
ูุชูุณุท,-1
ูุชูุณุทุฉ,-1
ูุชูุณุทุฉ ุงูุงุฏุงุก,-1
ูุชููุฑ,1
ูุชููุนุฉ ูุงุนุชูุงุฏูุฉ,-1
ูุซุงูู,1
ูุซู,-1
ูุซู ุงูููุงุตูุงุช,1
ูุซูุฑ,1
ูุซูุฑุฉ,1
ูุฌุงูุง,1
ูุฌุงูู,1
ูุฌุงููุฉ,1
ูุฌุงููู,1
ูุญุงููุฉ ูุงุดูุฉ,-1
ูุญุจุชุด,-1
ูุญุจุชูุงุด,-1
ูุญุจุชููุด,-1
ูุญุจุชูุด,-1
ูุญุจุท,-1
ูุญุจูุจ,1
ูุญุจู,1
ูุญุชุฑู,1
ูุญุชูู,-1
ูุญุฑููุฉ,-1
ูุญุดู,-1
ูุญูุฒ,1
ูุญูู .,1
ูุญูุฑู,1
ูุฎุงุฏุน,-1
ูุฎุงุฏุนู,-1
ูุฎุงููู,-1
ูุฎุชุตุฑู ุฌุฏุง,-1
ูุฎุชููุฉ,1
ูุฎุฏุด,-1
ูุฎุฏุด ูููุณูุฑ,-1
ูุฎุฏูุด,-1
ูุฎูุจ,-1
ูุฎูุณ,-1
ูุฏุญ,1
ูุฏุฑุจูู,1
ูุฏูุดุฉ,1
ูุฐูู,1
ูุฐููุฉ,1
ูุฐููุฉ ููู,1
ูุฐููู,1
ูุฑ,-1
ูุฑุชุจ,1
ูุฑุชูุนู,-1
ูุฑุฌุนูุฉ ุฌูุฏุฉ,1
ูุฑุฑุฑู ุนุงุฏู,-1
ูุฑุถ,-1
ูุฑููู,-1
ูุฑูู,1
ูุฑู,-1
ูุฑูุน,-1
ูุฑูุนุฉ,-1
ูุฑูุญ,1
ูุฑูุญุฉ,1
ูุฑูุญู,1
ูุฑูุฑุฉ,-1
ูุฑูุฑู,-1
ูุฒุนุฌ,-1
ูุฒุนุฌุฉ,-1
ูุฒุนุฌู,-1
ูุฒูุฏูุง ุดููุฉ,-1
ูุณุชุธุฑู,-1
ูุณุชุธุฑู ุนุงูุงุฎุฑ,-1
ูุณุชูุฏุชุด,-1
ูุณุชูุฒ,-1
ูุณุชูุฒุฉ,-1
ูุณุชูุชุนุชุด,-1
ูุณุชูููุฉ,-1
ูุณุฎุฑุฉ,1
ูุณูู ),1
ูุด ุงูู,-1
ูุด ุจุงูุชูุน,-1
ูุดุจุน,1
ูุด ุฑุงุบู,1
ูุดููุชู ุงูุฒุญูู,-1
ูุดููุชู ููุก,-1
ูุดูููุฑ,1
ูุด ูุฐูุฐ,-1
ูุด ููุฉ,1
ูุดููุฑ,1
ูุดูู,1
ูุถุจูุท,1
ูุถุฑูุจ,-1
ูุถุฑูุจุฉ,-1
ูุถุฑูุจู,-1
ูุถูุนุฉ,-1
ูุทุงุจูุฉ,1
ูุทุงุจูุฉ ูููุตู,1
ูุทุงุจู ููููุงุตูุงุช,1
ูุทุฑูุฏ,-1
ูุทุนู ุญูู,1
ูุทุนู ุนุงุฏู,-1
ูุทุนู ูููุฒ,1
ูุทุนูู,1
ูุทุนู ูุณุชุญู,1
ูุน ุงุญุชุฑุงูู,-1
ูุนุงุฏ,-1
ูุนุงูู,1
ูุนุฌุจุชููุด ),-1
ูุนุฌุจุชููุด,-1
( ูุนุฌุจุชููุด,-1
ูุนุฌุจููุด,-1
ูุนุฌุชููุด,-1
ูุนุฏููุฉ,-1
ูุนุฏููู,-1
ูุนุทุฑู,1
ูุนุทู ุนุงุงุฏู,-1
ูุนูู,-1
ูุนููู,1
ูุนูููุฉ,1
ูุนูููู,1
ูุนูุจุง,-1
ูุบุงูุทุงุช,-1
ูุบุงูู,-1
ูุบุงูู ููู,-1
ูุบุฑูุฉ,-1
ูุบุฑูู ุจุงูุชุดุงุคู,-1
ูุบุฑูู,1
ูุบุดูุด,-1
ูุบุต,-1
ููุฑูุถ,-1
ูููุฏ,1
ูููุฏุฉ,1
ูููุฏ ุฌุฏุง,1
ูููุฏู,1
ููุชูุนุชุด !,-1
ููุฏุฑุชุด,-1
ููุฑู,-1
ููุฑูุฉ,-1
ููุฑูู,-1
ููุฑูู ุฌุฏุง,-1
ููุฒุฒ,-1
ููุฒุฒุฉ,-1
ูููุจ,-1
ููุจ,-1
ููุฑุฑ,-1
ููุฑุฑุฉ,-1
ููุฑุฑู,-1
ููููุชูุด,-1
ููุงุฆู,1
ููุญูุฉ,1
ูููุช,1
ููู,-1
ูููุช,-1
ูููู,1
ููููุฉ,1
ููููู,1
ููุฆ ุจุงูุฒููุช,-1
ูููุก ุจุงูุดุฌู,1
ูููุงูุฉ,-1
ูููุช,-1
ูููุฆ ุจูุธุฑูุงุช,-1
ููุชุงุงุฒ,1
ููุชุงุงุฒุฉ,1
ููุชุงุงุฒู,1
ููุชุงุฒ .,1
ููุชุงุฒ,1
ููุชุงุฒุฉ,1
ููุชุงุฒุฒ,1
ููุชุงุฒู,1
ููุชุงุฒูู,1
ููุชุน,1
ููุชุนุง,1
ููุชุนุฉ,1
ููุชุน ุฌุฏุง,1
ููุชุนู,1
ููุชุน ูุฑุดูู,1
ููุชุน ูุดูุฑ,1
ููุทูุทุฉ ุงูุงุญุฏุงุซ,-1
ููู,-1
. ููู,-1
", ููู",-1
ูููุฉ,-1
ูููุฉ ุฌุฏุง,-1
ููู ุฌุฏุง,-1
ูููู,-1
ูููู,-1
ูููุฒ,1
ูููุฒุงุช,1
ูููุฒุฉ,1
ูููุฒู,1
ูููุฒ ู ุฌููู,1
ูู ุงุงูุงุฒู,-1
ูู ุงุฌูู,1
ูู ุฃุฑูุน,1
ููุงุณุจ,1
ููุงุณุจุฉ,1
ููุงุณุจู,1
ูู ุงุณูุง,-1
ููุงูุณ,1
ูู ุงูุถู,1
ูู ุงูุงุฎุฑ,1
ูู ุงูููุงุฆุฏ,1
ููุชุงุฒู,1
ููุชุฌ ุฌูุฏ,1
ููุชุฌ ุณุฆ,-1
ููุชุฌุน,1
ููุชุฌ ููุชุงุฒ,-1
ููุชููู,-1
ูู ุฑุงุฆุน,1
ูู ุฑูุงุฆุน,1
ูู ุณูุก,-1
ููุทููุฉ,-1
ููุธุฑ,1
ูู ุบุจู,-1
ูููุฑุฏ,1
ููููู,-1
ูู ูุฌูุฉ,-1
ููู ูุจุทููุงู,-1
ูููุนู,1
ููุฐุจู,1
ููู,1
ูููุฉ,1
ููู ูุฑุชุจ,-1
ูุคุซุฑ,1
ูุคุซุฑุฉ,1
ููุญูู,-1
ูู ุฒูู,-1
ููุณูุนุฉ,1
ูููู,1
ููุฒุฉ,1
. ููุณุชุญ,-1
ููุณุชุญู,-1
ููููุนุด ูุชุชูุฑูุด,1
ููู,1
ูุงุงุฑ,-1
ูุงุฌุญ,1
ูุงุดู,-1
ูุงุดูู,-1
ูุงูุณ,1
ูุจุคุฉ,1
ูุฌุญ,1
ูุฌูุฉ ูุงุญุฏุฉ,-1
ูุฌูุฉ ูุงุญุฏู,-1
ูุฌูุชุงู,-1
ูุฌูุชูู,-1
ูุฌูู,-1
ูุฌูู ูููุจุญ,-1
ูุญุจ,1
ูุญุจูู,1
ูุฏู,-1
ูุฏูุงุงู,-1
ูุฏูุงุงู ุงูู,-1
ูุฏู ุงููุงูุนู,1
ูุฏูุงู,-1
ูุฏูุงู ุนูููุง,-1
ูุฏูุช,-1
ูุณูุงู ูุญุชููุงุช,-1
ูุตุจ,-1
ูุต ุณุงุนู,-1
ูุธุงูุฉ,1
ูุธูู,1
ูุธููุฉ,1
ููุทูุฉ ุฌุฏุง,-1
ููุชุธุฑ,-1
ููุงูุฉ ุตุงุฏูุฉ,-1
ููุงูู ุฑุฎูุงุงู,-1
ููุก,-1
ูุงุงูู,1
ูุงุฏู,1
ูุงุฏุฆ,1
ูุงุฏุฆุฉ,1
ูุงููุฉ,1
ูุฐุง ุงููููู,1
ูุฐุง ูุฑุงู,-1
ูุฐูุงู,-1
ูุฐู ูุงููู,-1
ูุฑุงุก,-1
ูุงุงู,1
ูุงุจูุฑุชูู ูุตุฉ,1
ูุงุญุฏุงุซูุง ุฌุฐุจุชูู,1
ูุงุญูู,1
ูุงุฎุฑ,-1
ูุงุณุน,1
ูุงุณุนุงุฑู,-1
ูุงุณุนุงุฑู ุบุงููู,-1
ูุงุณุนุงุฑูู,-1
ูุงุณุนุฉ,1
ูุงุณุนู,1
ูุงุนุชูุงุฏูุฉ !,-1
ูุงุนุฌุจุชูู,1
ูุฃูุถู,1
ูุงูุถู,1
ูุงูู,1
ูุงูุนู,1
ูุงูุนูุฉ,1
ูุงูุฃุณุนุงุฑ,1
ูุงูุฎูุงุทุฉ ูุชุฏููู,-1
ูุงููุจุงูุบุฉ,-1
ูุงููุจุงูุบุฉ ุงููุซูุฑ,-1
ูุงูุตุญ,1
ูุงูุตุญ ุจุนุฏู ุดุฑุงุฆูุง,-1
ูุงูููู,1
ูุงู,1
ูุงูู,1
ูุจุงุธ,-1
ูุจุชูุฒู,-1
ูุจุทูุฆุฉ,-1
ูุจู ูุงุฆุฏุฉ,1
ูุชุฃุฎุฑ,-1
ูุชุงุฎุฑ,-1
ูุชุฃุฎูุฑ,-1
ูุชุณุชุญู,1
ูุชุนุจูู,-1
ูุชุนุจูู ุงุนุตุงุจู,-1
ูุฌุน,-1
ูุฌุนูู ุชุตุฏููุง,-1
ูุฌุนููุง,-1
ูุฌุนูู,-1
ูุฌูุณุงุชู ุถููู,-1
ูุฌููู,1
ูุญุฏู,-1
ู ุญุฒููุฉ,-1
ูุญุณู,1
ูุญุด,-1
ูุญุดุฉ,-1
ูุญุดุดุฉ,-1
ูุญุดู,-1
ูุญุดู ุงูู,-1
ูุญูู,1
ู ุฎุฑู,-1
ูุฎุณ,-1
ูุฎููู,1
ูุฏูุฏ,1
ูุฏูุฏูู,1
ูุฏูุฏูู,1
ู ุฏูุดุฉ,-1
ูุฏู,-1
ูุฑุงุฆุน,1
ูุฑุงุฆุนุฉ,1
ูุฑููุจ,1
ูุฒููุช,-1
ูุณุฎ,-1
ูุณุฑูุนู,1
ูุณุนุฑู ุบุงูู,-1
ูุณูุจูุฉ ุฌุฏุง,-1
ูุณูู ุงูุงุณุชุฎุฏุงู,1
ูุณููุฉ,1
ูุณุฆ,-1
ูุณูุฆู,-1
ูุดูุฑุง,1
ูุตุงุฑ ูุงูุนุฌุจูู,-1
ูุตุญู,1
ูุตุฎ,-1
ูุถุฌุฉ,-1
ูุทุงุฒุฌ,1
ูุนุงุฏู,-1
ูุนุฌุจูู,1
ูุนุฌุจูู ุงููุทูุฑ,1
ูุนุฏู ูุฏุฑุชูุง,-1
ูุนุน,-1
ูุนุนุนุน,-1
ูุนูุดุฉ,-1
ูุนูุดุฉ ุดููุง,-1
ูุนูู,-1
ูุบุงูู,-1
ูุบุงููู,-1
ูุบูุฑ ูุทุงุจูุฉ,-1
ููุงุฑุบุฉ .,-1
", ููุงุฑุบุฉ",-1
ููุงุดู,-1
ููุฎู,1
ูููุฑ,1
ูููุฑู,1
ูููู,1
ููุชู,-1
ููุชู ุงููุซูุฑ,-1
ููุญ,-1
ููุฑูุจ,1
ููุฑูุชู,-1
ููู ุจุดุนุฉ,-1
ููุง ุงุฌูู,1
ููุง ุงุญูู,1
ููุง ุงุฑูุน,1
ููุง ุฃูุตุญ,-1
ููุง ุงูุตุญ,-1
ููุง ุชุณุชูุฑ,-1
ููุงุชุนูู .,-1
ููุงุชุนูู,-1
ููุง ุญุงุฌู,-1
ููุง ุทุนู,-1
ููุงูุฏู,-1
. ููุงูุฏู,-1
ููุงูุฏู ูู,-1
ููุง ูุณุชุญู,-1
ููุง ููุฌุฏ,-1
ููุฐูุฐ,1
ููุฐูุฐู,1
ููุฐููุฐ,1
ูููู ูุนูุจู,-1
ูููุฃุณู,-1
ูููุงุณู,-1
ููู ููุชู,-1
ูููุณ ููุง ุจุงูุตูุฑ,-1
ููุงุญุจูุชู,-1
ููุงููู,-1
ููุจุงูุบ,-1
ููุชูุงูู,1
ููุฑุชุจ,1
ููุฑูุญ,1
ููุฑูุญุฉ,1
ููุฑูุญู,1
ู ูุด,1
ููุดููุฉ ุงูุชูุฑุงุฑ,-1
ููุด ููู,1
ููุดูู ,1
ูููุงููู ูุงุงุฏุฆ,1
ูููุณูุฑ,-1
ูููุณูุฑ ููุงุชุนูู,-1
ูููุชุงุฒ,1
ูููุชุงุฒุฉ,1
ูููุชุน,1
ูููุชุนุฉ,1
ูููุชุนู,1
ู ููุทูุทุฉ,-1
ูููู,-1
ููููุฉ,-1
ูููุงุณุจ,1
ููุคุซุฑุฉ,1
ูููุณุชุงูู,-1
ูููุณุชุงููุด,-1
ููุฌุญ,1
ู ูุฏูุงู,-1
ููุตุจ,-1
ููุธุงูุฉ,1
ููุธูู,1
ููุธููุฉ,1
ูููุงูุชูุง ูุฆูุจุฉ,-1
ูููู,1
ููู ุฌูุฏุฉ,1
ู ููุตุฉ,-1
ู ูููุณุชุงูู,-1
ู ูุงููุชูู,-1
ููุชููุฒ,1
ููุณุชุงูู,1
ููุณุชุญู,1
ูููุฌุฏ,1
ูุง ุฎุณุงุฑุฉ,-1
ูุงุฑุชูู ูุงููุช,-1
ูุงุณูุงู,1
ูุชูุฑุฏ,1
ูุชููู,1
ูุชููู ูุณูุช,1
ูุชูุชุน,1
ูุชูุชุน ุจุงูุฌูุฏู,1
ูุชููุฒ,1
ูุฌูู,1
ูุญุจ,1
ูุญุจุณ ุงูุงููุงุณ,1
ูุญุจู,1
ูุญุจูุง,1
ูุญุจูู,1
ูุญุจููู,1
ูุญุชุงุฌ,-1
ูุญุชุงุฌ ุงูู,-1
ูุญุฏุซ,1
ูุญูู,-1
ูุฎุชูู,1
ูุฎุฎ,-1
ูุฎุฑุจ,-1
ูุฑูู,1
ูุณุชุงูู,1
ูุณุชุญู,1
ูุณุชุญู ุงูุชุฌุฑุจู,1
ูุณุชุญู ุงููุฑุงุกุฉ,1
ูุณุชุญู ุงููุฑุงุกู,1
ูุณุชุญู ุงููุดุงูุฏุฉ,1
ูุณุฎู,-1
ูุณูุงู,1
ูุดุจุน,1
ูุดุจุนู,1
ูุถุฑ,-1
ูุน,-1
ูุนุฌุจูู,1
ูุนุฌุจู,-1
ูุนุดููู,1
ูุนูู ุจุดูู ุฌูุฏ,1
ูุนูู ุฌูุฏุง,1
ูุนูู ุนุงุชู,-1
ูุนูุจ,-1
ูุนูุจู,-1
ูุนูุจูู,-1
ููุชุญ,1
ููุชูุฏ,-1
ููุชูุฏ ุงูุฌูุฏุฉ,-1
ููุชูุฑ,-1
ููุถู,1
ููุถู ุงูุชุงูุฏ,-1
ููุถููู,1
ูููู,1
ูููู ุงูุฎูุงู,-1
ููุฑููู,-1
ููุต,1
ููุทุฑ,-1
ูููู,-1
ูููุนูู ุจูููุจุฉ,-1
ููุชุงุฒ,1
ููุฏุญ,1
ููุฏุญูุง,1
ููุฏุญูู,1
ููุฏุญููู,1
ููููู,1
ููููููู,1
ูููุฒ,1
ููุฌุญ,1
ูููุตู,-1
ูููู ุงูููุงู,1
ููุจู,1
ููุจู ูุซู,1
ููุชู,1
ููุชู ุงุญุฏ,1
